USE f1Veritabani
GO

INSERT INTO Motor VALUES 
('Ferrari 065/6','FERRARI'),
('Honda RA621H','HONDA'),
('Mercedes-AMG F1 M12','MERCEDES'),
('Renault E-Tech 20B','RENAULT'),
('Ferrari 065','FERRARI'),
('Honda RA620H','HONDA'),
('Mercedes-AMG F1 M11','MERCEDES'),
('Renault E-Tech 20','RENAULT'),
('Ferrari 064','FERRARI'),
('Honda RA619H','HONDA'),
('Mercedes M10 EQ Power+','MERCEDES'),
('Renault E-Tech 19','RENAULT')
GO

INSERT INTO Ulke VALUES 
(1,'Australia'),
(2,'Canada'),
(3,'Finland'),
(4,'France'),
(5,'Germany'),
(6,'Italy'),
(7,'Japan'),
(8,'Mexico'),
(9,'Monaco'),
(10,'Netherlands'),
(11,'Russia'),
(12,'Spain'),
(13,'United Kingdom'),
(14,'USA'),
(15,'Canada'),
(16,'Switzerland'),
(17,'Austria'),
(18,'Hungary'),
(19,'Belgium'),
(20,'Portugal'),
(21,'Turkey'),
(22,'Bahrain'),
(23,'United Arab Emirates'),
(24,'China'),
(25,'Azerbaijan'),
(26,'Singapore'),
(27,'Brazil'),
(28,'Colombia'),
(29,'Denmark'),
(30,'Thailand'),
(31,'Poland'),
(32,'Sweden'),
(33,'New Zealand')
GO

INSERT INTO Sponsor VALUES 
(1,'Petronas'),
(2,'UBS'),
(3,'Qualcomm'),
(4,'Philip Morris'),
(5,'Alfa Romeo'),
(6,'Santander'),
(7,'Johnnie Walker'),
(8,'SAP'),
(9,'Red Bull'),
(10,'Tag Heuer'),
(11,'Rauch'),
(12,'Renault'),
(13,'Infiniti'),
(14,'Castrol'),
(15,'EuroDataCar'),
(16,'Martini'),
(17,'Rexona'),
(18,'RandStad'),
(19,'PUMA'),
(20,'Hugo Boss'),
(21,'Nike'),
(22,'Adidas'),
(23,'Pull Bear'),
(24,'Bershka'),
(25,'HAAS'),
(26,'Alpinestars'),
(27,'Pirelli'),
(28,'Myworld'),
(29,'Casio Edifice'),
(30,'Alpha Romeo Racing'),
(31,'Orlen'),
(32,'Cognizant'),
(33,'BWT'),
(34,'crypto.com'),
(35,'DP World'),
(36,'TMALL')
GO

INSERT INTO Takým VALUES 
(1,'Mercedes','1954-07-04',5),
(2,'Red Bull','2005-03-06',17),
(3,'Mclaren','1966-05-22',13),
(4,'Ferrari','1950-05-21',6),
(5,'AlphaTauri','2020-07-05',6),
(6,'Alfa Romeo','1950-05-13',16),
(7,'Haas','2016-03-20',14),
(8,'Williams','1975-01-12',13),
(9,'Aston Martin','1959-05-31',13),
(10,'Alpine','2021-03-28',4),
(11,'Renault','1977-07-16',4),
(12,'Racing Point','2019-03-17',13),
(13,'Toro Rosso','2006-03-12',6),
(14,'Force India','2008-03-16',13),
(15,'Sauber','1993-03-14',16),
(16,'Fýno Fesso','2006-04-11',8),
(17,'Kardemir Karabuk','1998-03-18',14)
GO

INSERT INTO Araç VALUES 
(1,'Mercedes','F1 W12','Mercedes-AMG F1 M12',1),
(2,'Red Bull-Honda','RB16B','Honda RA621H',2),
(3,'McLaren-Mercedes','MCL35M','Mercedes-AMG F1 M12',3),
(4,'Ferrari','SF21','Ferrari 065/6',4),
(5,'AlphaTauri-Honda','AT02', 'Honda RA621H', 5),
(6,'Alfa Romeo-Ferrari','C41','Ferrari 065/6',6),
(7,'Haas-Ferrari','VF-21','Ferrari 065/6',7),
(8,'Williams-Mercedes','FW43B','Mercedes-AMG F1 M12',8),
(9,'Aston Martin','AMR21','Mercedes-AMG F1 M12',9),
(10,'Renault','A521','Renault E-Tech 20B',10)
GO

INSERT INTO Pilot VALUES 
(1,'Fernando','Alonso',14,'1981-07-29','2001-03-04',12),
(2,'Valtteri','Bottas',77,'1989-08-28','2013-03-17',3),
(3,'Pierre','Gasly',10,'1996-02-07','2017-10-01',4),
(4,'Lewis','Hamilton',44,'1985-01-07','2007-03-18',13),
(5,'Nicholas','Latifi',6,'1995-06-29','2020-07-05',15),
(6,'Charles','Leclerc',16,'1997-10-16','2018-03-25',9),
(7,'Antonio','Giovinazzi',99,'1993-12-14','2017-03-26',6),
(8,'Nikita','Mazepin',9,'1999-03-02','2021-03-28',11),
(9,'Lando','Norris',4,'1999-11-13','2019-03-17',13),
(10,'Esteban','Ocon',31,'1996-09-17','2016-08-28',4),
(11,'Sergio','Perez',11,'1990-01-26','2011-03-27',8),
(12,'Kimi','Raikkonen',7,'1979-10-17','2001-03-04',3),
(13,'Daniel','Ricciardo',3,'1989-07-01','2011-07-10',1),
(14,'George','Russell',63,'1998-02-15','2017-03-17',13),
(15,'Carlos','Sainz',55,'1994-12-01','2015-03-15',12),
(16,'Mick','Schumacher',47,'1999-03-22','2021-03-28',5),
(17,'Max','Verstappen',33,'1997-09-30','2015-03-15',10),
(18,'Sebastian','Vettel',5,'1987-07-03','2007-06-17',5),
(19,'Lance','Stroll',18,'1998-10-29','2017-03-26',2),
(20,'Yuki','Tsunoda',22,'2000-05-11','2021-03-28',7),
(21,'Rubens','Barrichello',100,'1972-05-23','1993-03-14',27),
(22,'Juan-Pablo','Montoya',101,'1975-09-20','2001-03-04',28),
(23,'Michael','Schumacher',102,'1969-01-03','1991-08-25',5),
(24,'Kevin','Magnussen',20,'1992-10-05','2014-03-16',29),
(25,'Daniil','Kvyat',26,'1994-04-26','2014-03-16',11),
(26,'Romain','Grosjean',8,'1986-04-17','2009-08-23',4),
(27,'Alexander','Albon',23,'1996-03-23','2019-03-17',30),
(28,'Nicolas','Hülkenberg',27,'1987-08-19','2010-03-14',5),
(29,'Jack','Aitken',89,'1995-09-23','2020-12-06',13),
(30,'Pietro','Fittipaldi',51,'1996-06-25','2020-12-06',27),
(31,'Robert','Kubica',88,'1984-12-07','2006-08-06',31),
(32,'Stoffel','Vandoorne',2,'1992-03-26','2016-04-03',19),
(33,'Marcus','Ericsson',9,'1990-09-02','2014-03-16',32),
(34,'Brendon','Hartley',28,'1989-11-10','2017-10-22',33),
(35,'Sergey','Sirotkin',35,'1995-08-27','2018-03-25',11),
(36,'Nico','Rosberg',6,'1985-06-27','2006-03-12',5),
(37,'Alaýn','Prost',90,'1955-02-24','1980-03-12',4)
GO


INSERT INTO Pist VALUES 
(1,'Red Bull Ring',4.318,'1997-09-21','00:01:05:619',306.452,17,15),
(2,'Hungaroring',4.381,'1986-08-10','00:01:16:627',306.630,18,4),
(3,'Silverstone',5.891,'1950-05-13','00:01:27:097',306.198,13,17),
(4,'Circuit de Barcelona-Catalunya',4.655,'1991-09-29','00:01:18:183',307.104,12,2),
(5,'Spa-Francorchamps',7.004,'1950-06-18','00:01:46:286',308.052,19,2),
(6,'Autodromo Nazionale di Monza',5.793,'1950-09-03','00:01:21:046',306.720,6,21),
(7,'Autodromo Internazionale del Mugello',5.245,'2020-09-13','00:01:18:833',309.497,6,4),
(8,'Sochi International Street Circuit',5.848,'2014-10-12','00:01:35:761',309.745,11,4),
(9,'Nürburgring',5.148,'1951-07-29','00:1:28:139',308.617,5,17),
(10,'Autodromo Internacional do Algarve',4.653,'2020-10-25','00:01:18:750',306.826,20,4),
(11,'Autodromo Internazionale Enzo e Dino Ferrari',4.909,'1980-09-14','00:01:15:484',309.049,6,4),
(12,'Istanbul Park',5.338,'2005-08-21','00:01:24:770',309.396,21,22),
(13,'Bahrain International Circuit',5.412,'2004-04-04','00:01:30:252',308.238,22,23),
(14,'Yas Marina Circuit',5.554,'2009-11-01','00:01:39:283',305.355,23,4),
(15,'Albert Park',5.303,'1996-03-10','00:01:24:125',307.574,1,23),
(16,'Shanghai International Circuit',5.451,'2004-09-26','00:01:32:238',305.066,24,23),
(17,'Baku Street Circuit',6.003,'2016-06-19','00:01:43:009',306.049,25,6),
(18,'Circuit de Monaco',3.337,'1950-05-21','00:01:14:260',260.286,9,17),
(19,'Circuit Gilles Villeneuve',4.361,'1978-10-08','00:01:13:078',305.270,2,2),
(20,'Circuit Paul Ricard',5.842,'1971-07-04','00:01:32:740',309.626,4,18),
(21,'Hockenheimring',4.574,'1970-08-02','00:01:13:780',306.458,5,12),
(22,'Marina Bay Street Circuit',5.065,'2008-09-28','00:01:41:905',308.706,26,24),
(23,'Suzuka International Racing Course',5.807,'1987-11-01','00:01:30:983',307.471,7,4),
(24,'Autodromo Hermanos Rodriguez',4.304,'1963-10-27','00:01:18:741',305.354,8,2),
(25,'Circuit of the Americas',5.513,'2012-11-18','00:01:36:169',308.405,14,6),
(26,'Autodromo José Carlos Pace',4.309,'1973-02-11','00:01:10:540',305.909,27,2)
GO


INSERT INTO Þampiyona VALUES 
(1,'F1 2020 World Championship',2020,4,1),
(2,'F1 2019 World Championship',2019,4,1),
(3,'F1 2018 World Championship',2018,4,1),
(4,'F1 2017 World Championship',2017,4,1),
(5,'F1 2016 World Championship',2016,36,1),
(6,'F1 2015 World Championship',2015,4,1),
(7,'F1 2014 World Championship',2014,4,1),
(8,'F1 2013 World Championship',2013,18,2),
(9,'F1 2012 World Championship',2012,18,2),
(10,'F1 2011 World Championship',2011,18,2),
(11,'F1 2010 World Championship',2010,18,2),
(12,'F1 2021 World ChampionShip',2021,4,1)
GO

INSERT INTO Yarýþ VALUES
(1,'AUSTRIAN GP 2020','2020-07-05','2020-07-04','2020-07-03',1,1),
(2,'STYRIAN GP 2020','2020-07-12','2020-07-11','2020-07-10',1,1),
(3,'HUNGARIAN GP 2020','2020-07-19','2020-07-18','2020-07-17',1,2),
(4,'BRITISH GP 2020','2020-08-02','2020-08-01','2020-07-31',1,3),
(5,'70th ANNIVERSARY GP 2020','2020-08-09','2020-08-08','2020-08-07',1,3),
(6,'SPANISH GP 2020','2020-08-16','2020-08-15','2020-08-14',1,4),
(7,'BELGIAN GP 2020','2020-08-30','2020-08-29','2020-08-28',1,5),
(8,'ITALIAN GP 2020','2020-09-06','2020-09-05','2020-09-04',1,6),
(9,'TUSCAN GP 2020','2020-09-13','2020-09-12','2020-09-11',1,7),
(10,'RUSSIAN GP 2020','2020-09-27','2020-09-26','2020-09-25',1,8),
(11,'EIFFEL GP 2020','2020-10-11','2020-10-11','2020-10-11',1,9),
(12,'PORTUGUESE GP 2020','2020-10-25','2020-10-24','2020-10-23',1,10),
(13,'EMILIA ROMAGNA GP 2020','2020-11-01','2020-10-31','2020-10-30',1,11),
(14,'TURKISH GP 2020','2020-11-15','2020-11-14','2020-11-13',1,12),
(15,'BAHRAIN GP 2020','2020-11-29','2020-11-28','2020-11-27',1,13),
(16,'SAKHIR GP 2020','2020-12-06','2020-12-05','2020-12-04',1,13),
(17,'ABU DHABI GP 2020','2020-12-13','2020-12-12','2020-12-11',1,14),
(18,'AUSTRALIAN GP 2019','2019-03-17','2019-03-16','2019-03-15',2,15),
(19,'BAHRAIN GP 2019','2019-03-31','2019-03-30','2019-03-29',2,13),
(20,'CHINESE GP 2019','2019-04-14','2019-04-13','2019-04-12',2,16),
(21,'AZERBAIJAN GP 2019','2019-04-28','2019-04-27','2019-04-26',2,17),
(22,'SPANISH GP 2019','2019-05-12','2019-05-11','2019-05-10',2,4),
(23,'MONACO GP 2019','2019-05-26','2019-05-25','2019-05-24',2,18),
(24,'CANADIAN GP 2019','2019-06-09','2019-06-08','2019-06-07',2,19),
(25,'FRENCH GP 2019','2019-06-23','2019-06-22','2019-06-21',2,20),
(26,'AUSTRIAN GP 2019','2019-06-30','2019-06-29','2019-06-28',2,1),
(27,'BRITISH GP 2019','2019-07-14','2019-07-13','2019-07-12',2,3),
(28,'GERMAN GP 2019','2019-07-28','2019-07-27','2019-07-26',2,21),
(29,'HUNGARIAN GP 2019','2019-08-04','2019-08-03','2019-08-02',2,2),
(30,'BELGIAN GP 2019','2019-09-01','2019-08-31','2019-08-30',2,5),
(31,'ITALIAN GP 2019','2019-09-08','2019-09-07','2019-09-06',2,6),
(32,'SINGAPORE GP 2019','2019-09-22','2019-09-21','2019-09-20',2,22),
(33,'RUSSIAN GP 2019','2019-09-29','2019-09-28','2019-09-27',2,8),
(34,'JAPANESE GP 2019','2019-10-13','2019-10-12','2019-10-11',2,23),
(35,'MEXICAN GP 2019','2019-10-27','2019-10-26','2019-10-25',2,24),
(36,'USA GP 2019','2019-11-03','2019-11-02','2019-11-01',2,25),
(37,'BRAZILIAN GP 2019','2019-11-17','2019-11-16','2019-11-15',2,26),
(38,'ABU DHABI GP 2019','2019-12-01','2019-11-30','2019-11-29',2,14),
(39,'AUSTRALIAN GP 2018','2018-03-25','2018-03-24','2018-03-23',3,15),
(40,'BAHRAIN GP 2018','2018-04-08','2018-04-07','2018-04-06',3,13),
(41,'CHINESE GP 2018','2018-04-15','2018-04-14','2018-04-13',3,16),
(42,'AZERBAIJAN GP 2018','2018-04-29','2018-04-28','2018-04-27',3,17),
(43,'SPANISH GP 2018','2018-05-13','2018-05-12','2018-05-11',3,4),
(44,'MONACO GP 2018','2018-05-27','2018-05-26','2018-05-25',3,18),
(45,'CANADIAN GP 2018','2018-06-10','2018-06-09','2018-06-08',3,19),
(46,'FRENCH GP 2018','2018-06-24','2018-06-23','2018-06-22',3,20),
(47,'AUSTRIAN GP 2018','2018-07-01','2018-06-30','2018-06-29',3,1),
(48,'BRITISH GP 2018','2018-07-08','2018-07-07','2018-07-06',3,3),
(49,'GERMAN GP 2018','2018-07-22','2018-07-21','2018-07-20',3,21),
(50,'HUNGARIAN GP 2018','2018-07-29','2018-07-28','2018-07-27',3,2),
(51,'BELGIAN GP 2018','2018-08-26','2018-08-25','2018-08-24',3,5),
(52,'ITALIAN GP 2018','2018-09-02','2018-09-01','2018-08-31',3,6),
(53,'SINGAPORE GP 2018','2018-09-16','2018-09-15','2018-09-14',3,22),
(54,'RUSSIAN GP 2018','2018-09-30','2018-09-29','2018-09-28',3,8),
(55,'JAPANESE GP 2018','2018-10-07','2018-10-06','2018-10-05',3,23),
(56,'USA GP 2018','2018-10-21','2018-10-20','2018-10-19',3,25),
(57,'MEXICAN GP 2018','2018-10-28','2018-10-27','2018-10-26',3,24),
(58,'BRAZILIAN GP 2018','2018-11-11','2018-11-10','2018-11-09',3,26),
(59,'ABU DHABI GP 2018','2018-11-25','2018-11-24','2018-11-23',3,14),
(60,'NIGERIAN GP 2017','2017-11-25','2017-11-24','2017-11-23',4,15),
(61,'TURKEY GP 2017','2017-11-25','2017-11-24','2017-11-23',4,18),
(62,'CHINA 2016','2016-11-25','2016-11-24','2016-11-23',5,15)
GO

INSERT INTO TakýmSponsorlarý VALUES
(1,1,41000000,'2018-03-15','2020-12-15'),
(1,2,4000000,'2018-03-15','2020-12-15'),
(1,3,9000000,'2018-03-15','2020-12-15'),
(4,4,37500000,'2018-03-15','2020-12-15'),
(4,5,100000000,'2018-03-15','2020-12-15'),
(4,6,30500000,'2018-03-15','2020-12-15'),
(3,7,10000000,'2018-03-15','2020-12-15'),
(3,8,5000000,'2018-03-15','2020-12-15'),
(2,9,200000000,'2018-03-15','2020-12-15'),
(2,11,4000000,'2018-03-15','2020-12-15'),
(2,10,5000000,'2018-03-15','2020-12-15'),
(11,12,100000000,'2018-03-15','2020-12-15'),
(11,13,25000000,'2018-03-15','2020-12-15'),
(11,14,30000000,'2018-03-15','2020-12-15'),
(11,15,5000000,'2018-03-15','2020-12-15'),
(8,16,15000000,'2018-03-15','2020-12-15'),
(8,17,15000000,'2018-03-15','2020-12-15'),
(8,18,3000000,'2018-03-15','2020-12-15'),
(7,25,50000000,'2018-03-15','2020-12-15'),
(7,26,300000,'2018-03-15','2020-12-15'),
(7,27,2500000,'2018-03-15','2020-12-15'),
(5,28,3000000,'2018-03-15','2020-12-15'),
(5,29,1500000,'2018-03-15','2020-12-15'),
(6,30,4000000,'2018-03-15','2020-12-15'),
(6,31,2500000,'2018-03-15','2020-12-15'),
(9,32,7500000,'2018-03-15','2020-12-15'),
(9,33,4200000,'2018-03-15','2020-12-15'),
(9,34,2800000,'2018-03-15','2020-12-15'),
(10,35,14000000,'2018-03-15','2020-12-15'),
(10,36,8300000,'2018-03-15','2020-12-15'),
(16,25,40000,'2018-03-15','2020-12-15'),
(17,32,67000,'2018-03-15','2020-12-15')
GO

INSERT INTO TakýmÞampiyonalarý VALUES
(1,1,573),
(2,1,319),
(3,1,202),
(4,1,131),
(5,1,107),
(6,1,8),
(7,1,3),
(8,1,0),
(11,1,181),
(12,1,195),
(1,2,739),
(4,2,504),
(2,2,417),
(3,2,145),
(11,2,91),
(13,2,85),
(12,2,73),
(6,2,57),
(7,2,28),
(8,2,1),
(1,3,655),
(4,3,571),
(2,3,419),
(11,3,122),
(7,3,93),
(3,3,62),
(14,3,52),
(15,3,48),
(13,3,33),
(8,3,7),
(12,2,4),
(1,12,141),
(2,12,112),
(3,12,65),
(4,12,60),
(10,12,15),
(5,12,10),
(9,12,5),
(6,12,0),
(7,12,0),
(8,12,0)
GO

INSERT INTO PilotÞampiyonalarý VALUES
(4,1,347),
(2,1,223),
(17,1,214),
(11,1,125),
(13,1,119),
(15,1,105),
(27,1,105),
(6,1,98),
(9,1,97),
(3,1,75),
(19,1,75),
(10,1,62),
(18,1,33),
(25,1,32),
(28,1,10),
(12,1,4),
(7,1,4),
(14,1,3),
(26,1,2),
(24,1,1),
(5,1,0),
(29,1,0),
(30,1,0),
(4,2,413),
(2,2,326),
(17,2,278),
(6,2,264),
(18,2,240),
(15,2,96),
(3,2,95),
(27,2,92),
(13,2,54),
(11,2,52),
(9,2,49),
(12,2,43),
(25,2,37),
(28,2,37),
(19,2,21),
(24,2,20),
(7,2,14),
(26,2,8),
(31,2,1),
(14,2,0),
(4,3,408),
(18,3,320),
(12,3,251),
(17,3,249),
(2,3,247),
(13,3,170),
(28,3,69),
(11,3,62),
(24,3,56),
(15,3,53),
(1,3,50),
(10,3,49),
(6,3,39),
(26,3,37),
(3,3,29),
(32,3,12),
(33,3,9),
(19,3,6),
(34,3,4),
(35,3,1)
GO

INSERT INTO TakýmlarvePilotlarý VALUES
(4,1,76000000,'2018-03-15','2020-12-15'),
(18,4,57000000,'2018-03-15','2020-12-15'),
(13,11,32000000,'2018-03-15','2020-12-15'),
(17,2,26000000,'2018-03-15','2020-12-15'),
(2,1,15000000,'2018-03-15','2020-12-15'),
(6,4,15000000,'2018-03-15','2020-12-15'),
(12,6,10000000,'2018-03-15','2020-12-15'),
(15,3,7000000,'2018-03-15','2020-12-15'),
(11,12,6000000,'2018-03-15','2020-12-15'),
(10,11,6000000,'2018-03-15','2020-12-15'),
(26,7,3200000,'2018-03-15','2020-12-15'),
(24,7,3200000,'2018-03-15','2020-12-15'),
(27,2,3200000,'2018-03-15','2020-12-15'),
(9,3,2400000,'2018-03-15','2020-12-15'),
(19,12,2400000,'2018-03-15','2020-12-15'),
(3,5,2400000,'2018-03-15','2020-12-15'),
(25,5,2400000,'2018-03-15','2020-12-15'),
(14,8,1200000,'2018-03-15','2020-12-15'),
(5,8,1200000,'2018-03-15','2020-12-15'),
(7,6,800000,'2018-03-15','2020-12-15'),
(4,3,630000,'2018-03-15','2020-12-15'),
(8,5,520000,'2018-03-15','2020-12-15')
GO

INSERT INTO PilotYarýþTurlarý VALUES
(2,1,'00:01:07:657',68),
(6,1,'00:01:08:163',64),
(9,1,'00:01:09:889',71),
(4,2,'00:01:06:719',68),
(2,2,'00:01:07:534',62),
(17,2,'00:01:06:145',70),
(4,3,'00:01:16:673',70),
(17,3,'00:01:19:184',60),
(2,3,'00:01:17:665',66),
(19,18,'00:01:26:154',29),
(3,18,'00:01:26:265',39),
(18,18,'00:01:27:989',16),
(25,19,'00:01:34:930',40),
(11,19,'00:01:36:330',51),
(24,19,'00:01:35:892',41),
(3,20,'00:01:34:740',55),
(18,20,'00:01:34:814',37),
(6,20,'00:01:34:928',45),
(13,39,'00:01:25:910',54),
(12,39,'00:01:26:120',57),
(4,39,'00:01:26:236',30),
(2,40,'00:01:33:871',22),
(4,40,'00:01:33:892',51),
(26,40,'00:01:34:006',47),
(13,41,'00:01:35:820',55),
(17,41,'00:01:36:256',50),
(12,41,'00:01:36:431',48)
GO

INSERT INTO HangiPilotHangiYarýþHangiAraç VALUES
--pilot,yarýþ,araç,puan,süre,sýra
(2,1,1,25,'01:30:55:285',1),
(6,1,4,18,'01:30:58:343',2),
(9,1,10,16,'01:31:01:246',3),
(4,2,1,25,'01:23:50:285',1),
(2,2,3,18,'01:23:04:343',2),
(17,2,2,15,'01:23:24:246',3),
(4,3,1,26,'01:36:12:285',1),
(17,3,2,18,'01:36:21:483',2),
(2,3,3,15,'01:36:21:756',3),
(2,18,3,26,'01:25:26:285',1),
(4,18,1,18,'01:25:48:343',2),
(14,18,2,15,'01:25:49:246',3),
(4,19,1,25,'01:34:21:285',1),
(2,19,3,18,'01:34:24:345',2),
(6,19,4,16,'01:34:27:246',3),
(4,20,1,25,'01:32:05:285',1),
(2,20,3,18,'01:32:12:343',2),
(18,20,7,15,'01:32:20:246',3),
(18,39,7,25,'01:29:33:285',1),
(4,39,1,18,'01:29:38:343',2),
(12,39,6,15,'01:29:39:246',3),
(18,40,7,25,'01:32:01:285',1),
(2,40,3,18,'01:32:02:343',2),
(4,40,1,15,'01:32:08:246',3),
(13,41,5,25,'01:35:36:285',1),
(2,41,3,18,'01:35:45:343',2),
(12,41,6,15,'01:35:46:246',3)
GO